date,XU100
03.01.2005,25445.15
04.01.2005,25042
05.01.2005,24422.94
06.01.2005,24561.85
07.01.2005,25308.25
10.01.2005,25604.65
11.01.2005,26110.17
12.01.2005,26271.34
13.01.2005,26493.02
14.01.2005,26362.68
17.01.2005,26863.2
18.01.2005,26813.13
19.01.2005,26918.1
20.01.2005,0
21.01.2005,0
24.01.2005,26469.43
25.01.2005,26859.99
26.01.2005,27056.02
27.01.2005,27302.74
28.01.2005,27074.09
31.01.2005,27330.35
01.02.2005,27849.79
02.02.2005,27936.53
03.02.2005,27554.79
04.02.2005,27813.16
07.02.2005,28201.72
08.02.2005,28269.69
09.02.2005,27528.07
10.02.2005,27308.78
11.02.2005,27736.29
14.02.2005,28003.6
15.02.2005,28164.08
16.02.2005,27661.58
17.02.2005,27000.44
18.02.2005,27293.22
21.02.2005,26864.27
22.02.2005,26657.4
23.02.2005,26921.27
24.02.2005,27354.57
25.02.2005,28031.45
28.02.2005,28396.17
01.03.2005,27768.46
02.03.2005,27226.38
03.03.2005,27558.88
04.03.2005,27663.22
07.03.2005,27789.92
08.03.2005,27698.34
09.03.2005,27746.37
10.03.2005,27519.81
11.03.2005,27572.79
14.03.2005,26936.75
15.03.2005,26547.17
16.03.2005,25331.7
17.03.2005,24475.97
18.03.2005,25348.51
21.03.2005,24636.68
22.03.2005,25218.21
23.03.2005,24439.26
24.03.2005,25068.49
25.03.2005,25502.6
28.03.2005,24842.21
29.03.2005,24479.67
30.03.2005,24600.92
31.03.2005,25557.76
01.04.2005,25740.76
04.04.2005,25445.11
05.04.2005,25682.54
06.04.2005,26056.61
07.04.2005,25831.22
08.04.2005,25786.45
11.04.2005,25370.26
12.04.2005,25077.96
13.04.2005,25293.24
14.04.2005,24541.95
15.04.2005,23853.34
18.04.2005,23285.94
19.04.2005,24143.88
20.04.2005,24175.89
21.04.2005,24419.37
22.04.2005,24730.75
25.04.2005,24798.07
26.04.2005,24483.97
27.04.2005,24070.13
28.04.2005,23519.63
29.04.2005,23591.64
02.05.2005,24252.96
03.05.2005,24137.94
04.05.2005,24560.22
05.05.2005,25099.87
06.05.2005,24950.82
09.05.2005,24702.24
10.05.2005,24688.26
11.05.2005,24662.88
12.05.2005,25114.43
13.05.2005,25325.67
16.05.2005,24921.28
17.05.2005,24846.11
18.05.2005,25205.51
19.05.2005,0
20.05.2005,25464.89
23.05.2005,24329.06
24.05.2005,24140.93
25.05.2005,24119.79
26.05.2005,24054.09
27.05.2005,24453.14
30.05.2005,24977.78
31.05.2005,25236.48
01.06.2005,25230.81
02.06.2005,25799.12
03.06.2005,26051.55
06.06.2005,25533.07
07.06.2005,25478.03
08.06.2005,25779.75
09.06.2005,25499.99
10.06.2005,25725.19
13.06.2005,25609.99
14.06.2005,25929.93
15.06.2005,26209.42
16.06.2005,26579.72
17.06.2005,26529.32
20.06.2005,26709.17
21.06.2005,26746.4
22.06.2005,26779.27
23.06.2005,27021.54
24.06.2005,27033.4
27.06.2005,26597.8
28.06.2005,26811.4
29.06.2005,27135.9
30.06.2005,26957.32
01.07.2005,27616.86
04.07.2005,27702.25
05.07.2005,27377.55
06.07.2005,27781.35
07.07.2005,27689.5
08.07.2005,27842.43
11.07.2005,27808.07
12.07.2005,27689.24
13.07.2005,28061.92
14.07.2005,28500.87
15.07.2005,28427.27
18.07.2005,28402.65
19.07.2005,28675.4
20.07.2005,28713.45
21.07.2005,28992.13
22.07.2005,29188.09
25.07.2005,29273.25
26.07.2005,28730.69
27.07.2005,29164.82
28.07.2005,29343.03
29.07.2005,29615.29
01.08.2005,29776.69
02.08.2005,29543.48
03.08.2005,29727.05
04.08.2005,30123.59
05.08.2005,29945.44
08.08.2005,29924.83
09.08.2005,29701
10.08.2005,29683.21
11.08.2005,29111.84
12.08.2005,28175.93
15.08.2005,28074.94
16.08.2005,28257.65
17.08.2005,27906.28
18.08.2005,28000
19.08.2005,28456.86
22.08.2005,28951.44
23.08.2005,29191.6
24.08.2005,29372.23
25.08.2005,29814.17
26.08.2005,30020.4
29.08.2005,30015.12
30.08.2005,0
31.08.2005,30908.02
01.09.2005,31947.95
02.09.2005,31701.62
05.09.2005,31879.45
06.09.2005,31832.5
07.09.2005,31385.01
08.09.2005,31485.39
09.09.2005,32202.66
12.09.2005,32711.13
13.09.2005,32541.11
14.09.2005,32632.44
15.09.2005,33271.11
16.09.2005,33294.26
19.09.2005,33221.15
20.09.2005,33719.3
21.09.2005,33863.82
22.09.2005,33465.61
23.09.2005,33250.45
26.09.2005,33516.04
27.09.2005,33319.18
28.09.2005,32744.95
29.09.2005,33396.23
30.09.2005,33333.23
03.10.2005,34300.9
04.10.2005,35624.79
05.10.2005,34775.67
06.10.2005,33510.39
07.10.2005,33413.61
10.10.2005,33505.96
11.10.2005,34040.21
12.10.2005,33118.44
13.10.2005,32054.34
14.10.2005,31440.03
17.10.2005,31850.68
18.10.2005,31586.83
19.10.2005,30766.71
20.10.2005,31403.9
21.10.2005,31428.62
24.10.2005,31845.7
25.10.2005,31669.96
26.10.2005,31474.44
27.10.2005,31273.31
28.10.2005,31038.52
31.10.2005,31963.99
01.11.2005,32791.99
02.11.2005,33152.1
03.11.2005,0
04.11.2005,0
07.11.2005,33830.1
08.11.2005,33749.43
09.11.2005,33848.29
10.11.2005,34709.65
11.11.2005,34096.32
14.11.2005,34171.51
15.11.2005,34324.04
16.11.2005,34866.57
17.11.2005,35127.34
18.11.2005,35314.31
21.11.2005,35654.99
22.11.2005,35254.14
23.11.2005,36179.29
24.11.2005,36907.79
25.11.2005,36759.89
28.11.2005,36621.47
29.11.2005,37495.22
30.11.2005,38088.65
01.12.2005,38296.91
02.12.2005,38573.71
05.12.2005,39130.73
06.12.2005,38917.82
07.12.2005,38441.59
08.12.2005,38587.77
09.12.2005,37496.18
12.12.2005,38202.19
13.12.2005,37741.7
14.12.2005,37870.57
15.12.2005,37631.57
16.12.2005,37716.7
19.12.2005,37960.13
20.12.2005,37729.42
21.12.2005,38210.24
22.12.2005,38353.12
23.12.2005,38919.51
26.12.2005,39139.08
27.12.2005,39015.86
28.12.2005,39220.17
29.12.2005,39837.27
30.12.2005,39777.7
02.01.2006,39790.72
03.01.2006,40665.44
04.01.2006,41362.47
05.01.2006,41722.4
06.01.2006,41905.41
09.01.2006,0
10.01.2006,0
11.01.2006,0
12.01.2006,0
13.01.2006,0
16.01.2006,43628.83
17.01.2006,44076.91
18.01.2006,42622.9
19.01.2006,43645.23
20.01.2006,44465.68
23.01.2006,43851.42
24.01.2006,44434.54
25.01.2006,45746.17
26.01.2006,45784.09
27.01.2006,45315.15
30.01.2006,44891.25
31.01.2006,44590.22
01.02.2006,45250.66
02.02.2006,44841.03
03.02.2006,44228.02
06.02.2006,44855.61
07.02.2006,44652.96
08.02.2006,43842.68
09.02.2006,44117.47
10.02.2006,44772.93
13.02.2006,44046.29
14.02.2006,43507.51
15.02.2006,43803.98
16.02.2006,45361.34
17.02.2006,46244.32
20.02.2006,46689.01
21.02.2006,46710.93
22.02.2006,46265.39
23.02.2006,46553.57
24.02.2006,46838.1
27.02.2006,47728.5
28.02.2006,47015.88
01.03.2006,47492.97
02.03.2006,46890.8
03.03.2006,46366.23
06.03.2006,45997.07
07.03.2006,43889.75
08.03.2006,42340.43
09.03.2006,42863.37
10.03.2006,42521.94
13.03.2006,44345.95
14.03.2006,42906.72
15.03.2006,43236.71
16.03.2006,44051.34
17.03.2006,44688.12
20.03.2006,44426.27
21.03.2006,44399.44
22.03.2006,44328.8
23.03.2006,44531.22
24.03.2006,43273.94
27.03.2006,42710.46
28.03.2006,41742.09
29.03.2006,42507.02
30.03.2006,42941.7
31.03.2006,42911.32
03.04.2006,44028.4
04.04.2006,44070.94
05.04.2006,44088.59
06.04.2006,43710.59
07.04.2006,44284.17
10.04.2006,43099.34
11.04.2006,42890.29
12.04.2006,42505.02
13.04.2006,41919.25
14.04.2006,42212.03
17.04.2006,41860.66
18.04.2006,42864.85
19.04.2006,43732.47
20.04.2006,43872.79
21.04.2006,45075.89
24.04.2006,45278.39
25.04.2006,45352.51
26.04.2006,44745.54
27.04.2006,43752.02
28.04.2006,43880.43
01.05.2006,44030.35
02.05.2006,44413.62
03.05.2006,44647.82
04.05.2006,44251.44
05.05.2006,44212.76
08.05.2006,44712.89
09.05.2006,44563.26
10.05.2006,43598.99
11.05.2006,43713.19
12.05.2006,41970.8
15.05.2006,40268.68
16.05.2006,41044.06
17.05.2006,40439.24
18.05.2006,39643.68
19.05.2006,0
22.05.2006,36351.06
23.05.2006,37235.49
24.05.2006,36100.7
25.05.2006,36730.24
26.05.2006,38593.47
29.05.2006,38908.6
30.05.2006,37860.8
31.05.2006,38132.21
01.06.2006,38395.24
02.06.2006,39285.8
05.06.2006,37964.03
06.06.2006,37464.43
07.06.2006,36709.55
08.06.2006,35338.66
09.06.2006,34802.58
12.06.2006,34330.32
13.06.2006,32384.42
14.06.2006,32899.74
15.06.2006,33627.4
16.06.2006,34048.04
19.06.2006,34807.73
20.06.2006,34601.4
21.06.2006,33762
22.06.2006,34228.99
23.06.2006,33132.3
26.06.2006,31950.56
27.06.2006,32470.42
28.06.2006,33207.1
29.06.2006,34031.08
30.06.2006,35453.31
03.07.2006,35456.47
04.07.2006,36481.23
05.07.2006,35385.02
06.07.2006,35698.74
07.07.2006,36202.23
10.07.2006,36148.39
11.07.2006,35955.8
12.07.2006,35815.54
13.07.2006,35010.46
14.07.2006,33831.69
17.07.2006,32702.89
18.07.2006,33617.96
19.07.2006,33554.41
20.07.2006,35311.04
21.07.2006,34988.8
24.07.2006,34959.03
25.07.2006,35264.4
26.07.2006,35984.53
27.07.2006,36747.28
28.07.2006,36101.89
31.07.2006,36037.92
01.08.2006,35742.75
02.08.2006,35721.64
03.08.2006,35262.86
04.08.2006,36159.61
07.08.2006,35967.54
08.08.2006,36535.74
09.08.2006,37563.33
10.08.2006,37389.25
11.08.2006,37418.11
14.08.2006,37631.07
15.08.2006,37806.51
16.08.2006,38433.41
17.08.2006,37885.28
18.08.2006,37384.79
21.08.2006,37164.93
22.08.2006,37130.81
23.08.2006,37121.81
24.08.2006,36651.38
25.08.2006,36861.66
28.08.2006,36686.71
29.08.2006,36897.2
30.08.2006,0
31.08.2006,37285.94
01.09.2006,37414.94
04.09.2006,38139.07
05.09.2006,38180.02
06.09.2006,37689.67
07.09.2006,37457.04
08.09.2006,37371.99
11.09.2006,37172.63
12.09.2006,37624.54
13.09.2006,37774.59
14.09.2006,37478.65
15.09.2006,38143.91
18.09.2006,38245.87
19.09.2006,38345.1
20.09.2006,38275.02
21.09.2006,37790.82
22.09.2006,36390.01
25.09.2006,36084.24
26.09.2006,36432.37
27.09.2006,36818.73
28.09.2006,37268.21
29.09.2006,36924.86
02.10.2006,36983.89
03.10.2006,36830.44
04.10.2006,36389.72
05.10.2006,36917.37
06.10.2006,36737.62
09.10.2006,36885.89
10.10.2006,37449.23
11.10.2006,37660.37
12.10.2006,38316.92
13.10.2006,38486.09
16.10.2006,38997.95
17.10.2006,38456.75
18.10.2006,39743.83
19.10.2006,39823.94
20.10.2006,39643.76
23.10.2006,0
24.10.2006,0
25.10.2006,0
26.10.2006,40591.06
27.10.2006,40683.25
30.10.2006,40081.41
31.10.2006,40582.25
01.11.2006,40601.72
02.11.2006,39504.05
03.11.2006,39307.05
06.11.2006,39675.85
07.11.2006,40163.7
08.11.2006,39736.73
09.11.2006,39890.93
10.11.2006,39627.18
13.11.2006,39030.3
14.11.2006,39655.14
15.11.2006,39654.14
16.11.2006,39268.13
17.11.2006,38432.8
20.11.2006,38346.57
21.11.2006,38501.1
22.11.2006,37733.58
23.11.2006,38077.05
24.11.2006,37582.13
27.11.2006,38238.57
28.11.2006,37183.79
29.11.2006,38066.89
30.11.2006,38168.53
01.12.2006,38196.52
04.12.2006,37654.69
05.12.2006,38163.03
06.12.2006,38184.76
07.12.2006,39857.75
08.12.2006,39320.47
11.12.2006,39461.94
12.12.2006,39213.02
13.12.2006,38874.9
14.12.2006,39595.38
15.12.2006,40204.8
18.12.2006,39832.52
19.12.2006,39071.1
20.12.2006,38996.68
21.12.2006,39082.95
22.12.2006,39180.2
25.12.2006,38705.39
26.12.2006,38766.55
27.12.2006,38610.57
28.12.2006,39138.18
29.12.2006,39117.46
01.01.2007,0
02.01.2007,0
03.01.2007,0
04.01.2007,39006.27
05.01.2007,38435.15
08.01.2007,37832.05
09.01.2007,37083.09
10.01.2007,36629.89
11.01.2007,37640.38
12.01.2007,38138.21
15.01.2007,39042.95
16.01.2007,38888.47
17.01.2007,39218.09
18.01.2007,40256.29
19.01.2007,40201.14
22.01.2007,41246.95
23.01.2007,41250.09
24.01.2007,42035.52
25.01.2007,42122.68
26.01.2007,41846.38
29.01.2007,41397.38
30.01.2007,41357.49
31.01.2007,41182.55
01.02.2007,42301.96
02.02.2007,43112.53
05.02.2007,42700.51
06.02.2007,42501.42
07.02.2007,42099.02
08.02.2007,41645.21
09.02.2007,42185.46
12.02.2007,42025.89
13.02.2007,42551.57
14.02.2007,43256.3
15.02.2007,43813.73
16.02.2007,43636.19
19.02.2007,44252.94
20.02.2007,44061.48
21.02.2007,42888.58
22.02.2007,43829.12
23.02.2007,43591.72
26.02.2007,43736.78
27.02.2007,41773.98
28.02.2007,41430.99
01.03.2007,39588.24
02.03.2007,40550.34
05.03.2007,39729.4
06.03.2007,40230.78
07.03.2007,40406.51
08.03.2007,41406.85
09.03.2007,42056.32
12.03.2007,41978.34
13.03.2007,41665.97
14.03.2007,40501.85
15.03.2007,41195.2
16.03.2007,41819.84
19.03.2007,41922.21
20.03.2007,41817.66
21.03.2007,42419.39
22.03.2007,43239.83
23.03.2007,43408.71
26.03.2007,43263.64
27.03.2007,43097.1
28.03.2007,43079.51
29.03.2007,43666.17
30.03.2007,43661.12
02.04.2007,43542.2
03.04.2007,44309.25
04.04.2007,44660.68
05.04.2007,45714.06
06.04.2007,45845.24
09.04.2007,45889.23
10.04.2007,45339.77
11.04.2007,46105.8
12.04.2007,45566.09
13.04.2007,46044.18
16.04.2007,46697.07
17.04.2007,46621.49
18.04.2007,45634.02
19.04.2007,46308.09
20.04.2007,47355.82
23.04.2007,0
24.04.2007,47014.9
25.04.2007,48032.72
26.04.2007,47826.05
27.04.2007,46861.31
30.04.2007,44984.45
01.05.2007,43529.49
02.05.2007,44256.13
03.05.2007,45077.67
04.05.2007,44818.05
07.05.2007,44681.09
08.05.2007,44707.31
09.05.2007,45102.68
10.05.2007,45055.57
11.05.2007,44820.76
14.05.2007,45142.17
15.05.2007,44897.67
16.05.2007,45539.69
17.05.2007,45860.04
18.05.2007,46073.29
21.05.2007,46209.06
22.05.2007,46369.23
23.05.2007,46424.71
24.05.2007,46237.07
25.05.2007,46194.27
28.05.2007,46927.81
29.05.2007,47003.04
30.05.2007,46274.69
31.05.2007,47081.49
01.06.2007,46490.14
04.06.2007,46111.14
05.06.2007,46451.59
06.06.2007,45861.01
07.06.2007,44843.86
08.06.2007,44332.44
11.06.2007,44893.7
12.06.2007,44371.97
13.06.2007,44629.52
14.06.2007,44675.54
15.06.2007,45971.8
18.06.2007,46367.59
19.06.2007,46231.77
20.06.2007,46251.18
21.06.2007,45952.39
22.06.2007,45705.1
25.06.2007,45417.05
26.06.2007,46010.13
27.06.2007,45161.75
28.06.2007,46181.38
29.06.2007,47093.67
02.07.2007,47730.53
03.07.2007,48680.3
04.07.2007,49476.29
05.07.2007,49850.05
06.07.2007,49895.33
09.07.2007,51281.85
10.07.2007,50557.62
11.07.2007,50055.54
12.07.2007,52005.8
13.07.2007,52086.68
16.07.2007,51774.43
17.07.2007,51643.83
18.07.2007,51111.99
19.07.2007,53325.29
20.07.2007,52935.75
23.07.2007,55625.44
24.07.2007,54930.74
25.07.2007,54831.94
26.07.2007,52512.38
27.07.2007,51561.91
30.07.2007,51459.22
31.07.2007,52824.89
01.08.2007,51299.3
02.08.2007,51393.57
03.08.2007,50716.44
06.08.2007,50429.89
07.08.2007,50708.22
08.08.2007,52070.55
09.08.2007,49974.83
10.08.2007,49186.43
13.08.2007,50272.52
14.08.2007,49880.9
15.08.2007,47714.12
16.08.2007,44473.3
17.08.2007,46576.86
20.08.2007,46148.81
21.08.2007,45264.96
22.08.2007,46881.96
23.08.2007,47388.6
24.08.2007,46823.97
27.08.2007,47914.42
28.08.2007,47750.68
29.08.2007,48082.17
30.08.2007,0
31.08.2007,50198.6
03.09.2007,49936.94
04.09.2007,50032.59
05.09.2007,49421.38
06.09.2007,49601.39
07.09.2007,49050.42
10.09.2007,48548.93
11.09.2007,49296.18
12.09.2007,49233.05
13.09.2007,49680.51
14.09.2007,50620.91
17.09.2007,50536.54
18.09.2007,50500.93
19.09.2007,53884.08
20.09.2007,53543.06
21.09.2007,53882.14
24.09.2007,53580.7
25.09.2007,52893.17
26.09.2007,54245.83
27.09.2007,54390.2
28.09.2007,54044.22
01.10.2007,54198.04
02.10.2007,54733.3
03.10.2007,54164.9
04.10.2007,54915.9
05.10.2007,56792.97
08.10.2007,56279.09
09.10.2007,57910.57
10.10.2007,57418.04
11.10.2007,58053.4
12.10.2007,0
15.10.2007,58231.9
16.10.2007,57185.37
17.10.2007,57931.92
18.10.2007,56268.18
19.10.2007,55486.84
22.10.2007,53969.78
23.10.2007,55752.22
24.10.2007,55638.88
25.10.2007,55728.6
26.10.2007,56446.59
29.10.2007,0
30.10.2007,56774.27
31.10.2007,57615.72
01.11.2007,57371.31
02.11.2007,56855.06
05.11.2007,56064.31
06.11.2007,56905.99
07.11.2007,56076.44
08.11.2007,55160.75
09.11.2007,53689.08
12.11.2007,54084.03
13.11.2007,54719.01
14.11.2007,55664.9
15.11.2007,54743.01
16.11.2007,54304.47
19.11.2007,53262.9
20.11.2007,53577.76
21.11.2007,52615.59
22.11.2007,52199.33
23.11.2007,52331.29
26.11.2007,52682.48
27.11.2007,51452.32
28.11.2007,0
29.11.2007,53181.19
30.11.2007,54213.82
03.12.2007,54320.04
04.12.2007,54013.3
05.12.2007,55521.18
06.12.2007,56186.89
07.12.2007,56490.57
10.12.2007,56518.62
11.12.2007,56271.27
12.12.2007,56766.22
13.12.2007,55239
14.12.2007,54911.71
17.12.2007,53603.43
18.12.2007,54223.58
19.12.2007,53847.36
20.12.2007,0
21.12.2007,0
24.12.2007,55510.46
25.12.2007,55380.65
26.12.2007,55373.17
27.12.2007,55233
28.12.2007,55698.42
31.12.2007,55538.13
01.01.2008,0
02.01.2008,54708.42
03.01.2008,53541.27
04.01.2008,52529.88
07.01.2008,52569.54
08.01.2008,53235.93
09.01.2008,52730.72
10.01.2008,52351.01
11.01.2008,51920.59
14.01.2008,51480.89
15.01.2008,50377.34
16.01.2008,49093.83
17.01.2008,48902.75
18.01.2008,48657.46
21.01.2008,45544.08
22.01.2008,44593.71
23.01.2008,42539.49
24.01.2008,45010.73
25.01.2008,45497.24
28.01.2008,43706.68
29.01.2008,44572.7
30.01.2008,44304.44
31.01.2008,42697.56
01.02.2008,44452.08
04.02.2008,45719.91
05.02.2008,44350.78
06.02.2008,43317.49
07.02.2008,41866.42
08.02.2008,41957.86
11.02.2008,41342.84
12.02.2008,43539.85
13.02.2008,44752.46
14.02.2008,45493.66
15.02.2008,44305.27
18.02.2008,45741.67
19.02.2008,46249.27
20.02.2008,45876.74
21.02.2008,46446.64
22.02.2008,45592.48
25.02.2008,44894.96
26.02.2008,45524.52
27.02.2008,46260.3
28.02.2008,45823.3
29.02.2008,44776.88
03.03.2008,43343.59
04.03.2008,42923.03
05.03.2008,43468.03
06.03.2008,42523.85
07.03.2008,41537.22
10.03.2008,41534.89
11.03.2008,43318.03
12.03.2008,44248.15
13.03.2008,42421.93
14.03.2008,42585.91
17.03.2008,39409.41
18.03.2008,40720.27
19.03.2008,40907
20.03.2008,39847.79
21.03.2008,39719.08
24.03.2008,41143.6
25.03.2008,40992.42
26.03.2008,40658.47
27.03.2008,40634.89
28.03.2008,39501.17
31.03.2008,39015.44
01.04.2008,40674.17
02.04.2008,40985.2
03.04.2008,40160.13
04.04.2008,41362.71
07.04.2008,42277.15
08.04.2008,42170.18
09.04.2008,42900.49
10.04.2008,42096.46
11.04.2008,41980.11
14.04.2008,41747.3
15.04.2008,41584.13
16.04.2008,41555.97
17.04.2008,41601.82
18.04.2008,42641.06
21.04.2008,43065.24
22.04.2008,42827.71
23.04.2008,0
24.04.2008,43190.25
25.04.2008,43593.8
28.04.2008,43613.96
29.04.2008,43054.48
30.04.2008,43468.12
01.05.2008,42664.37
02.05.2008,43425.85
05.05.2008,43457.86
06.05.2008,42896.17
07.05.2008,43272.46
08.05.2008,42310.37
09.05.2008,42034.7
12.05.2008,41638.52
13.05.2008,41831.11
14.05.2008,42522.74
15.05.2008,42624.17
16.05.2008,42498.82
19.05.2008,0
20.05.2008,41296.5
21.05.2008,41011.25
22.05.2008,40752.45
23.05.2008,39960.99
26.05.2008,39439.35
27.05.2008,40189.29
28.05.2008,39384.87
29.05.2008,39086.47
30.05.2008,39969.63
02.06.2008,40121.15
03.06.2008,40451.73
04.06.2008,39832.1
05.06.2008,40463.96
06.06.2008,39645.54
09.06.2008,39061.71
10.06.2008,38655.1
11.06.2008,38238.42
12.06.2008,38593.64
13.06.2008,38295.72
16.06.2008,38465.62
17.06.2008,38724.11
18.06.2008,38136.78
19.06.2008,38006.96
20.06.2008,37912.85
23.06.2008,37583.67
24.06.2008,37275.88
25.06.2008,37572.64
26.06.2008,36578.95
27.06.2008,35829.4
30.06.2008,35089.53
01.07.2008,33208.24
02.07.2008,33566.4
03.07.2008,33919.76
04.07.2008,34300.37
07.07.2008,35010.04
08.07.2008,34894.68
09.07.2008,35603.27
10.07.2008,35574.64
11.07.2008,35006.46
14.07.2008,35826.27
15.07.2008,35254.97
16.07.2008,36374.36
17.07.2008,37695.26
18.07.2008,37946.57
21.07.2008,38703.75
22.07.2008,37616.17
23.07.2008,38555.56
24.07.2008,38944.38
25.07.2008,37556.95
28.07.2008,38120.94
29.07.2008,39153.74
30.07.2008,41342.3
31.07.2008,42200.75
01.08.2008,42984.66
04.08.2008,43259.37
05.08.2008,42237.74
06.08.2008,42075.85
07.08.2008,41627.66
08.08.2008,40949.91
11.08.2008,41733.27
12.08.2008,41461.84
13.08.2008,41253.85
14.08.2008,41710.52
15.08.2008,42194.42
18.08.2008,41946.9
19.08.2008,40488.11
20.08.2008,39801.34
21.08.2008,39569.58
22.08.2008,40894.27
25.08.2008,40691.5
26.08.2008,40097.46
27.08.2008,39576.03
28.08.2008,40149.97
29.08.2008,39844.48
01.09.2008,39456.77
02.09.2008,40437.07
03.09.2008,40328.52
04.09.2008,39556.37
05.09.2008,39115.63
08.09.2008,40517.08
09.09.2008,40124.57
10.09.2008,39294.96
11.09.2008,37388.13
12.09.2008,37033.87
15.09.2008,35081.44
16.09.2008,33736.35
17.09.2008,32727.57
18.09.2008,32216.43
19.09.2008,36370.16
22.09.2008,36183.62
23.09.2008,35454.17
24.09.2008,35177.11
25.09.2008,36361.84
26.09.2008,36556.61
29.09.2008,36051.3
30.09.2008,0
01.10.2008,0
02.10.2008,0
03.10.2008,34553
06.10.2008,31574.74
07.10.2008,31561.87
08.10.2008,30772.63
09.10.2008,30878.71
10.10.2008,28495.93
13.10.2008,28961.94
14.10.2008,30536.15
15.10.2008,29443.71
16.10.2008,27600.71
17.10.2008,25870.17
20.10.2008,26763.55
21.10.2008,26723.3
22.10.2008,25624.27
23.10.2008,25040.81
24.10.2008,24176.68
27.10.2008,24336.73
28.10.2008,24895.16
29.10.2008,0
30.10.2008,26733.49
31.10.2008,27832.93
03.11.2008,27987.65
04.11.2008,29343.35
05.11.2008,27855.92
06.11.2008,27373.73
07.11.2008,26648.17
10.11.2008,26797.9
11.11.2008,25889.18
12.11.2008,25342.5
13.11.2008,25099.98
14.11.2008,25425.26
17.11.2008,24046.5
18.11.2008,23495.05
19.11.2008,21929.27
20.11.2008,21228.27
21.11.2008,21965.96
24.11.2008,24137.02
25.11.2008,24424.59
26.11.2008,24408.58
27.11.2008,25383.43
28.11.2008,25714.98
01.12.2008,24331.78
02.12.2008,24425.48
03.12.2008,23936.73
04.12.2008,24670.97
05.12.2008,24034.7
08.12.2008,0
09.12.2008,0
10.12.2008,0
11.12.2008,0
12.12.2008,24936.93
15.12.2008,25598.47
16.12.2008,26395.82
17.12.2008,26765.07
18.12.2008,26395.5
19.12.2008,26205.4
22.12.2008,26199
23.12.2008,26294.15
24.12.2008,26054.96
25.12.2008,26059.14
26.12.2008,26498.96
29.12.2008,26423.64
30.12.2008,26411.09
31.12.2008,26864.07
01.01.2009,0
02.01.2009,27005.63
05.01.2009,27988.65
06.01.2009,28709.41
07.01.2009,27892.65
08.01.2009,26210.37
09.01.2009,26470.08
12.01.2009,25708.56
13.01.2009,26108.72
14.01.2009,25055.71
15.01.2009,25072.3
16.01.2009,25630.96
19.01.2009,25055.88
20.01.2009,24714.74
21.01.2009,24736.12
22.01.2009,24641.93
23.01.2009,24781.83
26.01.2009,25970
27.01.2009,25798.26
28.01.2009,26705.62
29.01.2009,26162.99
30.01.2009,25934.37
02.02.2009,25270.81
03.02.2009,25659.9
04.02.2009,26141.06
05.02.2009,25774.21
06.02.2009,26735.21
09.02.2009,27040.47
10.02.2009,25966.12
11.02.2009,25398.42
12.02.2009,25023.08
13.02.2009,25199.53
16.02.2009,24911.52
17.02.2009,23907.55
18.02.2009,23844.72
19.02.2009,24439.91
20.02.2009,23579.48
23.02.2009,23991.03
24.02.2009,24032.46
25.02.2009,24152.34
26.02.2009,24168.57
27.02.2009,24026.59
02.03.2009,23699.93
03.03.2009,23751.96
04.03.2009,23940.66
05.03.2009,23035.95
06.03.2009,23220.02
09.03.2009,23054.97
10.03.2009,23315.43
11.03.2009,23282.57
12.03.2009,23539.49
13.03.2009,23615.25
16.03.2009,23620.31
17.03.2009,23452.76
18.03.2009,23497.17
19.03.2009,23968.83
20.03.2009,24038.89
23.03.2009,24919.26
24.03.2009,25001.59
25.03.2009,25536.39
26.03.2009,25409.83
27.03.2009,25697.25
30.03.2009,25143.61
31.03.2009,25764.38
01.04.2009,25943.57
02.04.2009,26771.17
03.04.2009,26631.06
06.04.2009,26650.66
07.04.2009,26377.63
08.04.2009,27653.58
09.04.2009,28546.46
10.04.2009,28838.28
13.04.2009,28446.99
14.04.2009,28160.8
15.04.2009,28324.29
16.04.2009,29523.15
17.04.2009,29445.96
20.04.2009,28548.43
21.04.2009,28678.57
22.04.2009,28956.83
23.04.2009,0
24.04.2009,29675.54
27.04.2009,29552.26
28.04.2009,29189.01
29.04.2009,30746.39
30.04.2009,31651.81
01.05.2009,0
04.05.2009,32170.71
05.05.2009,33014.23
06.05.2009,33716.92
07.05.2009,32842.61
08.05.2009,32805.72
11.05.2009,32203.06
12.05.2009,33043.28
13.05.2009,32828.9
14.05.2009,33094.92
15.05.2009,33484.52
18.05.2009,33666.08
19.05.2009,0
20.05.2009,35139.7
21.05.2009,34720.55
22.05.2009,35014.5
25.05.2009,35407.68
26.05.2009,34860.56
27.05.2009,35168.73
28.05.2009,35021.01
29.05.2009,35002.99
01.06.2009,36001.65
02.06.2009,35722.2
03.06.2009,34932.23
04.06.2009,34268.89
05.06.2009,34750.19
08.06.2009,33655.59
09.06.2009,33806.65
10.06.2009,34389.34
11.06.2009,34723.84
12.06.2009,34816.71
15.06.2009,34690.77
16.06.2009,34537.04
17.06.2009,34595.39
18.06.2009,35715.56
19.06.2009,35819.93
22.06.2009,35407.2
23.06.2009,34909.06
24.06.2009,35758.67
25.06.2009,36327.65
26.06.2009,36755.9
29.06.2009,36841.11
30.06.2009,36949.2
01.07.2009,37245.86
02.07.2009,37038.21
03.07.2009,36797.55
06.07.2009,36758.82
07.07.2009,37212.46
08.07.2009,37155.95
09.07.2009,36987.68
10.07.2009,36780.49
13.07.2009,37004.58
14.07.2009,36701.2
15.07.2009,37914.02
16.07.2009,38156.32
17.07.2009,37726.69
20.07.2009,38250.18
21.07.2009,38007.79
22.07.2009,38189.08
23.07.2009,38901.97
24.07.2009,39395.38
27.07.2009,39840.52
28.07.2009,40001.65
29.07.2009,40376.64
30.07.2009,42182.11
31.07.2009,42641.26
03.08.2009,44613.74
04.08.2009,44696.51
05.08.2009,43899.44
06.08.2009,43836.03
07.08.2009,44767.58
10.08.2009,44685.62
11.08.2009,43678.98
12.08.2009,43889.75
13.08.2009,44484.23
14.08.2009,44302.92
17.08.2009,44290.9
18.08.2009,44233.36
19.08.2009,45645
20.08.2009,46555.79
21.08.2009,47170.07
24.08.2009,47771.85
25.08.2009,48073.35
26.08.2009,46959.82
27.08.2009,47383.77
28.08.2009,47559.69
31.08.2009,46551.19
01.09.2009,46935.62
02.09.2009,45761.03
03.09.2009,46146.03
04.09.2009,45160.51
07.09.2009,45273.98
08.09.2009,44846.03
09.09.2009,44585.14
10.09.2009,44924.12
11.09.2009,46583.5
14.09.2009,46490.66
15.09.2009,45911.46
16.09.2009,46680.66
17.09.2009,46965.56
18.09.2009,47161.22
21.09.2009,0
22.09.2009,0
23.09.2009,47549.3
24.09.2009,47980.31
25.09.2009,47624.97
28.09.2009,47815.93
29.09.2009,48364.83
30.09.2009,47910.3
01.10.2009,47804.39
02.10.2009,46856.94
05.10.2009,47948.41
06.10.2009,49466.05
07.10.2009,49036.08
08.10.2009,49879.86
09.10.2009,50217.5
12.10.2009,51002.98
13.10.2009,50071.55
14.10.2009,51026.08
15.10.2009,51017.87
16.10.2009,49790.74
19.10.2009,50286.89
20.10.2009,51050.87
21.10.2009,51295.19
22.10.2009,51016.84
23.10.2009,51380.65
26.10.2009,51230.09
27.10.2009,50400.57
28.10.2009,48906.95
29.10.2009,0
30.10.2009,47184.71
02.11.2009,47456.11
03.11.2009,46335.05
04.11.2009,47281.44
05.11.2009,47298.04
06.11.2009,46969.89
09.11.2009,47774.52
10.11.2009,48135.09
11.11.2009,48864
12.11.2009,48746.03
13.11.2009,48441.9
16.11.2009,48775.29
17.11.2009,47243.23
18.11.2009,46419.87
19.11.2009,46114.59
20.11.2009,45230.95
23.11.2009,45801.42
24.11.2009,45513.5
25.11.2009,45538.66
26.11.2009,45350.17
27.11.2009,0
30.11.2009,0
01.12.2009,46083.95
02.12.2009,47898.19
03.12.2009,49677.2
04.12.2009,50101.98
07.12.2009,49915.76
08.12.2009,49591.37
09.12.2009,49184.95
10.12.2009,49594.5
11.12.2009,49386.42
14.12.2009,50198.39
15.12.2009,50449.52
16.12.2009,50817.25
17.12.2009,49963.21
18.12.2009,50138.45
21.12.2009,51280.9
22.12.2009,51532.52
23.12.2009,51162.24
24.12.2009,51460.7
25.12.2009,51661.33
28.12.2009,51619.41
29.12.2009,51786.04
30.12.2009,51668.41
31.12.2009,52825.02
01.01.2010,0
04.01.2010,53368.16
05.01.2010,54115.05
06.01.2010,54547.36
07.01.2010,54972.94
08.01.2010,54797.9
11.01.2010,53921.06
12.01.2010,53676.35
13.01.2010,54627.19
14.01.2010,54740.6
15.01.2010,54005.65
18.01.2010,54550.83
19.01.2010,55159.6
20.01.2010,55469.2
21.01.2010,55301.18
22.01.2010,53997.49
25.01.2010,54281
26.01.2010,54317.48
27.01.2010,54071.02
28.01.2010,54770.45
29.01.2010,54650.58
01.02.2010,55526.01
02.02.2010,55147.64
03.02.2010,55068.7
04.02.2010,53463.88
05.02.2010,51454.89
08.02.2010,49933.38
09.02.2010,50826.36
10.02.2010,50567.5
11.02.2010,51381.04
12.02.2010,51063.82
15.02.2010,51334.42
16.02.2010,51748.5
17.02.2010,53273.3
18.02.2010,52449.79
19.02.2010,53318.97
22.02.2010,52592.88
23.02.2010,51416.56
24.02.2010,49659.56
25.02.2010,48739.43
26.02.2010,49705.49
01.03.2010,51183.73
02.03.2010,51476.11
03.03.2010,51699.06
04.03.2010,51440.71
05.03.2010,52625.63
08.03.2010,53296.54
09.03.2010,52959.96
10.03.2010,52753
11.03.2010,52376.55
12.03.2010,52232.99
15.03.2010,51971.37
16.03.2010,53233.26
17.03.2010,54303.66
18.03.2010,53534.39
19.03.2010,53436.96
22.03.2010,53892.39
23.03.2010,54351.7
24.03.2010,55136.6
25.03.2010,57044.66
26.03.2010,56610.66
29.03.2010,56668.2
30.03.2010,56754.41
31.03.2010,56538.37
01.04.2010,57708.21
02.04.2010,58059.86
05.04.2010,58644.98
06.04.2010,58406.36
07.04.2010,58645.61
08.04.2010,58412.05
09.04.2010,59185.3
12.04.2010,58821.64
13.04.2010,58075.39
14.04.2010,59330.34
15.04.2010,59055.09
16.04.2010,58223.53
19.04.2010,58153.03
20.04.2010,58886.09
21.04.2010,58450.85
22.04.2010,58338.36
23.04.2010,0
26.04.2010,59043.16
27.04.2010,58217.4
28.04.2010,57933.09
29.04.2010,58702.82
30.04.2010,58959.1
03.05.2010,58400.21
04.05.2010,57341.03
05.05.2010,56441.12
06.05.2010,55763.57
07.05.2010,52686.97
10.05.2010,56448
11.05.2010,56461.72
12.05.2010,57976.46
13.05.2010,57929.65
14.05.2010,55747.88
17.05.2010,56071.09
18.05.2010,56978.25
19.05.2010,0
20.05.2010,54449.88
21.05.2010,54111.6
24.05.2010,54558.16
25.05.2010,52257.07
26.05.2010,54103.5
27.05.2010,54497.95
28.05.2010,55233.68
31.05.2010,54384.94
01.06.2010,54460.36
02.06.2010,55212.5
03.06.2010,55407.21
04.06.2010,54612.93
07.06.2010,54306.63
08.06.2010,53664.36
09.06.2010,54304.92
10.06.2010,54861.83
11.06.2010,55131.63
14.06.2010,55688.81
15.06.2010,56421.32
16.06.2010,56402.91
17.06.2010,56891.01
18.06.2010,57034.47
21.06.2010,57277.18
22.06.2010,57007.01
23.06.2010,55906.38
24.06.2010,55915.67
25.06.2010,55864.24
28.06.2010,56433.12
29.06.2010,55215.32
30.06.2010,54839.46
01.07.2010,54534.28
02.07.2010,55636.45
05.07.2010,55715.5
06.07.2010,56787.75
07.07.2010,56798.55
08.07.2010,57345.59
09.07.2010,57150.9
12.07.2010,57569.84
13.07.2010,58278.67
14.07.2010,58301.33
15.07.2010,57689.93
16.07.2010,57729.36
19.07.2010,58114.43
20.07.2010,58227.81
21.07.2010,59494.67
22.07.2010,59919.48
23.07.2010,59299.53
26.07.2010,59507.68
27.07.2010,60328.94
28.07.2010,60404.33
29.07.2010,60737.28
30.07.2010,59866.75
02.08.2010,60693.24
03.08.2010,60078.5
04.08.2010,59880.68
05.08.2010,59603.14
06.08.2010,59753.02
09.08.2010,59885.65
10.08.2010,59169.61
11.08.2010,58154.66
12.08.2010,58383.71
13.08.2010,58479.86
16.08.2010,58822.82
17.08.2010,59462.92
18.08.2010,59443.43
19.08.2010,58849.39
20.08.2010,58749.93
23.08.2010,58890.46
24.08.2010,58623.2
25.08.2010,58285.65
26.08.2010,59058.09
27.08.2010,59345.93
30.08.2010,0
31.08.2010,59972.59
01.09.2010,60685.5
02.09.2010,60865.73
03.09.2010,60998.84
06.09.2010,61100.96
07.09.2010,60746.75
08.09.2010,60608.08
09.09.2010,0
10.09.2010,0
13.09.2010,62260.11
14.09.2010,62478.98
15.09.2010,63397.71
16.09.2010,63732.81
17.09.2010,63862.03
20.09.2010,64289.57
21.09.2010,64124.73
22.09.2010,64479.14
23.09.2010,64192.6
24.09.2010,64241.48
27.09.2010,64627.29
28.09.2010,65589.87
29.09.2010,65551.38
30.09.2010,65774.37
01.10.2010,64882.72
04.10.2010,65414.95
05.10.2010,66283.23
06.10.2010,66879.74
07.10.2010,66758.97
08.10.2010,67217.24
11.10.2010,68999.96
12.10.2010,69675.08
13.10.2010,70166.89
14.10.2010,69225.72
15.10.2010,70101.22
18.10.2010,70457.99
19.10.2010,69838.75
20.10.2010,69364.54
21.10.2010,70450.31
22.10.2010,71006.82
25.10.2010,70923.84
26.10.2010,70746.73
27.10.2010,68588.51
28.10.2010,68760.46
29.10.2010,0
01.11.2010,69074.33
02.11.2010,68522.21
03.11.2010,68604.63
04.11.2010,70905.39
05.11.2010,70779.15
08.11.2010,70941.06
09.11.2010,71543.26
10.11.2010,70561.03
11.11.2010,70084.95
12.11.2010,69553.08
15.11.2010,69998.07
16.11.2010,0
17.11.2010,0
18.11.2010,0
19.11.2010,0
22.11.2010,67926.47
23.11.2010,66335.42
24.11.2010,67230.72
25.11.2010,67148.87
26.11.2010,66147.74
29.11.2010,64072.16
30.11.2010,65350.85
01.12.2010,66156.19
02.12.2010,66939.08
03.12.2010,66860.19
06.12.2010,67712.1
07.12.2010,67873.47
08.12.2010,67704.61
09.12.2010,65913.89
10.12.2010,64759.02
13.12.2010,66380.44
14.12.2010,66509.71
15.12.2010,65499.2
16.12.2010,64429.48
17.12.2010,63524.18
20.12.2010,63501.58
21.12.2010,64819.64
22.12.2010,65440.22
23.12.2010,66218.98
24.12.2010,66267.34
27.12.2010,66356.58
28.12.2010,66441.93
29.12.2010,66719.67
30.12.2010,66822.14
31.12.2010,66004.48
03.01.2011,67607.9
04.01.2011,68221.86
05.01.2011,68828.96
06.01.2011,69311.23
07.01.2011,68770.29
10.01.2011,67874.68
11.01.2011,67668.96
12.01.2011,67923.91
13.01.2011,68575.47
14.01.2011,67879.62
17.01.2011,66831.36
18.01.2011,66428.29
19.01.2011,66462.89
20.01.2011,65288.03
21.01.2011,65927.31
24.01.2011,65201.71
25.01.2011,65152.9
26.01.2011,65960.95
27.01.2011,65038.59
28.01.2011,63211.27
31.01.2011,63278.07
01.02.2011,64822.62
02.02.2011,65307.14
03.02.2011,63727.95
04.02.2011,65309
07.02.2011,64905.59
08.02.2011,65254.13
09.02.2011,65569.61
10.02.2011,64421.53
11.02.2011,64730.35
14.02.2011,64568.86
15.02.2011,64802.14
16.02.2011,65361.78
17.02.2011,65973.16
18.02.2011,65985.76
21.02.2011,65129
22.02.2011,64658.76
23.02.2011,63131.68
24.02.2011,60760.82
25.02.2011,61367.34
28.02.2011,61283.87
01.03.2011,58709.33
02.03.2011,58664.24
03.03.2011,60387.04
04.03.2011,61112.83
07.03.2011,60217.58
08.03.2011,61301.65
09.03.2011,62483.83
10.03.2011,63169.22
11.03.2011,63781.67
14.03.2011,64530.05
15.03.2011,64213.93
16.03.2011,63280.42
17.03.2011,63482.21
18.03.2011,63839.27
21.03.2011,64215.67
22.03.2011,64874.57
23.03.2011,63719.64
24.03.2011,64355.86
25.03.2011,64247
28.03.2011,64261.33
29.03.2011,63763.8
30.03.2011,64565.63
31.03.2011,64434.51
01.04.2011,65714.4
04.04.2011,67581.95
05.04.2011,67689.46
06.04.2011,68649.24
07.04.2011,69490.47
08.04.2011,68093.26
11.04.2011,68194.72
12.04.2011,68006.89
13.04.2011,68203.43
14.04.2011,67959.5
15.04.2011,68450.46
18.04.2011,66607.59
19.04.2011,67742.07
20.04.2011,68054.04
21.04.2011,68565.6
22.04.2011,68691.77
25.04.2011,68870.67
26.04.2011,68524.35
27.04.2011,67792.69
28.04.2011,68440.24
29.04.2011,69250.14
02.05.2011,69522.42
03.05.2011,70072.02
04.05.2011,69437.55
05.05.2011,69374.88
06.05.2011,68240.93
09.05.2011,67956.47
10.05.2011,67259.99
11.05.2011,65643.34
12.05.2011,66535.13
13.05.2011,64585.22
16.05.2011,65417.92
17.05.2011,65385.38
18.05.2011,63733.16
19.05.2011,0
20.05.2011,63298.58
23.05.2011,63209.88
24.05.2011,64561.4
25.05.2011,63609.31
26.05.2011,63755.35
27.05.2011,62407.42
30.05.2011,61491.71
31.05.2011,63046.02
01.06.2011,63224.65
02.06.2011,63112.6
03.06.2011,62806.94
06.06.2011,63516.83
07.06.2011,64463.23
08.06.2011,64067.11
09.06.2011,63670.08
10.06.2011,63700.3
13.06.2011,63523.22
14.06.2011,62185.54
15.06.2011,60938.92
16.06.2011,61116.74
17.06.2011,61716.68
20.06.2011,61007.73
21.06.2011,62033.24
22.06.2011,61217.96
23.06.2011,61589.91
24.06.2011,62072.64
27.06.2011,61953.26
28.06.2011,62819.08
29.06.2011,63002.88
30.06.2011,63269.4
01.07.2011,63264.51
04.07.2011,64186.73
05.07.2011,63866.26
06.07.2011,63240.11
07.07.2011,64100.82
08.07.2011,63596.17
11.07.2011,62909.49
12.07.2011,62689.79
13.07.2011,63261.06
14.07.2011,62743.81
15.07.2011,62635.13
18.07.2011,62024.97
19.07.2011,61840.1
20.07.2011,61636.83
21.07.2011,60882.33
22.07.2011,59802.32
25.07.2011,61047.65
26.07.2011,61388.64
27.07.2011,61181.55
28.07.2011,62530.88
29.07.2011,62295.68
01.08.2011,61926.61
02.08.2011,61758.61
03.08.2011,61315.08
04.08.2011,59325.99
05.08.2011,56265.52
08.08.2011,52283.5
09.08.2011,52961.21
10.08.2011,50307.63
11.08.2011,52017.02
12.08.2011,52188.65
15.08.2011,53485.34
16.08.2011,54097.43
17.08.2011,54217.83
18.08.2011,51945.93
19.08.2011,53061.74
22.08.2011,53287.03
23.08.2011,52411.48
24.08.2011,53055.09
25.08.2011,52967.67
26.08.2011,53707.56
29.08.2011,53946.09
30.08.2011,0
31.08.2011,0
01.09.2011,0
02.09.2011,55375.28
05.09.2011,54054.8
06.09.2011,55019.78
07.09.2011,55238.22
08.09.2011,56691.98
09.09.2011,55902.98
12.09.2011,55604.81
13.09.2011,56650.62
14.09.2011,56121.89
15.09.2011,57115.64
16.09.2011,57896.5
19.09.2011,57933.24
20.09.2011,60889.08
21.09.2011,60827.89
22.09.2011,57979.9
23.09.2011,56323.38
26.09.2011,56801.2
27.09.2011,58261.27
28.09.2011,58988.46
29.09.2011,59758.18
30.09.2011,59693.43
03.10.2011,59459.66
04.10.2011,57209.16
05.10.2011,57311.22
06.10.2011,57228.53
07.10.2011,57338.78
10.10.2011,58327.63
11.10.2011,58664.09
12.10.2011,59420.26
13.10.2011,58543.37
14.10.2011,59300.29
17.10.2011,58442.44
18.10.2011,58750.59
19.10.2011,57798.73
20.10.2011,55904.51
21.10.2011,56792.34
24.10.2011,56259.37
25.10.2011,56278.39
26.10.2011,55469.92
27.10.2011,56616.81
28.10.2011,57042.36
31.10.2011,56061.47
01.11.2011,54851.52
02.11.2011,55721.42
03.11.2011,56522.77
04.11.2011,56180.24
07.11.2011,0
08.11.2011,0
09.11.2011,0
10.11.2011,55540.67
11.11.2011,56201.45
14.11.2011,55875.72
15.11.2011,55922.53
16.11.2011,55927.45
17.11.2011,55089.82
18.11.2011,54473.9
21.11.2011,52752.15
22.11.2011,51986.38
23.11.2011,51091.51
24.11.2011,49621.67
25.11.2011,51071.22
28.11.2011,52283.58
29.11.2011,52092.78
30.11.2011,54517.76
01.12.2011,53806.64
02.12.2011,54769.25
05.12.2011,55195.81
06.12.2011,54679.11
07.12.2011,55138.85
08.12.2011,53499.25
09.12.2011,53834.91
12.12.2011,52444.07
13.12.2011,52551.52
14.12.2011,51338.97
15.12.2011,51886.47
16.12.2011,51665.78
19.12.2011,50742.08
20.12.2011,52126.94
21.12.2011,51747.43
22.12.2011,51591.56
23.12.2011,51948.62
26.12.2011,52517.25
27.12.2011,52561.2
28.12.2011,51553.2
29.12.2011,52053.62
30.12.2011,51266.62
02.01.2012,51340.96
03.01.2012,52859.07
04.01.2012,51532.56
05.01.2012,51204.58
06.01.2012,50182.53
09.01.2012,49836.98
10.01.2012,50781.84
11.01.2012,51410.44
12.01.2012,52154.27
13.01.2012,51561.68
16.01.2012,52797.16
17.01.2012,53529.3
18.01.2012,54384.76
19.01.2012,54607.89
20.01.2012,54888.55
23.01.2012,55186.21
24.01.2012,54790.84
25.01.2012,54918.68
26.01.2012,56958.83
27.01.2012,57356.72
30.01.2012,57811.79
31.01.2012,57171.34
01.02.2012,59215.65
02.02.2012,60051.94
03.02.2012,60147.96
06.02.2012,60674.87
07.02.2012,60669.03
08.02.2012,60976.47
09.02.2012,60162.52
10.02.2012,59332.11
13.02.2012,60557.48
14.02.2012,59662.13
15.02.2012,59847.64
16.02.2012,60030.14
17.02.2012,61111.3
20.02.2012,61449.07
21.02.2012,61252.83
22.02.2012,60856.43
23.02.2012,59666.62
24.02.2012,59737.53
27.02.2012,58821.82
28.02.2012,59978.49
29.02.2012,60721.23
01.03.2012,60725.88
02.03.2012,60902.41
05.03.2012,59685.48
06.03.2012,59143.43
07.03.2012,59479.73
08.03.2012,59673.75
09.03.2012,59280.43
12.03.2012,59009.47
13.03.2012,59389.02
14.03.2012,60835.74
15.03.2012,61279.31
16.03.2012,62336.32
19.03.2012,62537.33
20.03.2012,62164.06
21.03.2012,62064.97
22.03.2012,61786.74
23.03.2012,61417.44
26.03.2012,62561.47
27.03.2012,62490.95
28.03.2012,61815.1
29.03.2012,61544.94
30.03.2012,62423.04
02.04.2012,62969.32
03.04.2012,63284.54
04.04.2012,62463.96
05.04.2012,62062.69
06.04.2012,60939.55
09.04.2012,60813.25
10.04.2012,59987.73
11.04.2012,60709.82
12.04.2012,60890.09
13.04.2012,60582.6
16.04.2012,60478.5
17.04.2012,60652.56
18.04.2012,60131.94
19.04.2012,59848.46
20.04.2012,60122.9
23.04.2012,0
24.04.2012,59706.03
25.04.2012,59940.54
26.04.2012,60677.81
27.04.2012,60596.68
30.04.2012,60010.42
01.05.2012,0
02.05.2012,58943.71
03.05.2012,59285.68
04.05.2012,59015.69
07.05.2012,58809.68
08.05.2012,58749.33
09.05.2012,58092.99
10.05.2012,58820.76
11.05.2012,58872.62
14.05.2012,57853.86
15.05.2012,57453.05
16.05.2012,58100.85
17.05.2012,57331.17
18.05.2012,56935.76
21.05.2012,56539.64
22.05.2012,57079.47
23.05.2012,55734.34
24.05.2012,54916.61
25.05.2012,54809.94
28.05.2012,54843.93
29.05.2012,55449.51
30.05.2012,55125.29
31.05.2012,55099.33
01.06.2012,55568.37
04.06.2012,55744.29
05.06.2012,55799.77
06.06.2012,56248.45
07.06.2012,56695.71
08.06.2012,57300.02
11.06.2012,57504.82
12.06.2012,58201.29
13.06.2012,58250.48
14.06.2012,58364.67
15.06.2012,58467.79
18.06.2012,58324.86
19.06.2012,59299.68
20.06.2012,59401.26
21.06.2012,60439.83
22.06.2012,60451.41
25.06.2012,59479.36
26.06.2012,60126.55
27.06.2012,61184.33
28.06.2012,60822.57
29.06.2012,62543.49
02.07.2012,61951.16
03.07.2012,62721.31
04.07.2012,62986.09
05.07.2012,61972.14
06.07.2012,62780.58
09.07.2012,62608.13
10.07.2012,63123.95
11.07.2012,63048.76
12.07.2012,62324.64
13.07.2012,62662.16
16.07.2012,62675.31
17.07.2012,62472.82
18.07.2012,62444.93
19.07.2012,62340.84
20.07.2012,61792.16
23.07.2012,60736.81
24.07.2012,61303.26
25.07.2012,61707.54
26.07.2012,63840.98
27.07.2012,64372.81
30.07.2012,65032.05
31.07.2012,64259.54
01.08.2012,64081.17
02.08.2012,63777.91
03.08.2012,65303.64
06.08.2012,65576.79
07.08.2012,64938.36
08.08.2012,64698.63
09.08.2012,64501.13
10.08.2012,65126
13.08.2012,65148.93
14.08.2012,64160.81
15.08.2012,64611.75
16.08.2012,64916.23
17.08.2012,65758.47
20.08.2012,0
21.08.2012,0
22.08.2012,66108.84
23.08.2012,66079.48
24.08.2012,65654.31
27.08.2012,65941.56
28.08.2012,66139.3
29.08.2012,66152.55
30.08.2012,0
31.08.2012,67367.95
03.09.2012,67208.22
04.09.2012,66898.1
05.09.2012,67559.48
06.09.2012,67714.84
07.09.2012,67937.05
10.09.2012,68121.6
11.09.2012,68105.07
12.09.2012,68184
13.09.2012,67290.68
14.09.2012,68180.49
17.09.2012,68092.28
18.09.2012,67600.35
19.09.2012,67114.82
20.09.2012,67001.68
21.09.2012,67891.46
24.09.2012,67207.14
25.09.2012,67809.58
26.09.2012,66675.67
27.09.2012,66770.56
28.09.2012,66396.71
01.10.2012,66754.88
02.10.2012,67498.2
03.10.2012,66822.36
04.10.2012,66909.38
05.10.2012,67383.68
08.10.2012,67435.37
09.10.2012,68062.86
10.10.2012,68457.58
11.10.2012,69577.6
12.10.2012,69603.13
15.10.2012,69769.73
16.10.2012,70281.72
17.10.2012,70686.5
18.10.2012,70355.84
19.10.2012,70774.02
22.10.2012,71219.47
23.10.2012,70762.31
24.10.2012,70708.42
25.10.2012,0
26.10.2012,0
29.10.2012,0
30.10.2012,71716.91
31.10.2012,72528.97
01.11.2012,72552.51
02.11.2012,71422.61
05.11.2012,72737.1
06.11.2012,72039.74
07.11.2012,71604.91
08.11.2012,72649.83
09.11.2012,71820.28
12.11.2012,71357.03
13.11.2012,72015.2
14.11.2012,71325.57
15.11.2012,71597.22
16.11.2012,70790.51
19.11.2012,70607.4
20.11.2012,70636.74
21.11.2012,70460.76
22.11.2012,69926.07
23.11.2012,71004.31
26.11.2012,71866.85
27.11.2012,71999.71
28.11.2012,71974.49
29.11.2012,72448.89
30.11.2012,73058.51
03.12.2012,74298.91
04.12.2012,75522.65
05.12.2012,76038.35
06.12.2012,75785.58
07.12.2012,76242.2
10.12.2012,76734.4
11.12.2012,76814.77
12.12.2012,77404.37
13.12.2012,76963.34
14.12.2012,76293.15
17.12.2012,77466.9
18.12.2012,77298.45
19.12.2012,76810.26
20.12.2012,76814.43
21.12.2012,76684.74
24.12.2012,77314.46
25.12.2012,77596.24
26.12.2012,77991.1
27.12.2012,78454.19
28.12.2012,78579.08
31.12.2012,78208.44
01.01.2013,80221.68
02.01.2013,79642.08
03.01.2013,80033.33
04.01.2013,79563.95
07.01.2013,80224.41
08.01.2013,80161.71
09.01.2013,81149.13
10.01.2013,80837.46
11.01.2013,81033.52
14.01.2013,81990.01
15.01.2013,82406.13
16.01.2013,84082.15
17.01.2013,84860.26
18.01.2013,85004.87
21.01.2013,85281.53
22.01.2013,85646.87
23.01.2013,86340.97
24.01.2013,86437.89
25.01.2013,84755.1
28.01.2013,81165.81
29.01.2013,82178.34
30.01.2013,78982.94
31.01.2013,78783.47
01.02.2013,80221.68
04.02.2013,80722.66
05.02.2013,80309.85
06.02.2013,80054.41
07.02.2013,78149.29
08.02.2013,78683.99
11.02.2013,77255.83
12.02.2013,78078.81
13.02.2013,77943.39
14.02.2013,77580.5
15.02.2013,78081.4
18.02.2013,77907.51
19.02.2013,78274.87
20.02.2013,78891.26
21.02.2013,77269.15
22.02.2013,75898.69
25.02.2013,76670.32
26.02.2013,77514.33
27.02.2013,78166.25
28.02.2013,79333.67
01.03.2013,79867.54
04.03.2013,80612.21
05.03.2013,81051.21
06.03.2013,82173.98
07.03.2013,81834.73
08.03.2013,83541.62
11.03.2013,83119.65
12.03.2013,83347.54
13.03.2013,82619.05
14.03.2013,81981.58
15.03.2013,83115.48
18.03.2013,83378.82
19.03.2013,82286.32
20.03.2013,82160.84
21.03.2013,82373.94
22.03.2013,82452.04
25.03.2013,82765.64
26.03.2013,83970.92
27.03.2013,84195.16
28.03.2013,85253.95
29.03.2013,85898.99
01.04.2013,86112.33
02.04.2013,86026.67
03.04.2013,84860.07
04.04.2013,83243.81
05.04.2013,82071.25
08.04.2013,83346.51
09.04.2013,82770.42
10.04.2013,82404.32
11.04.2013,84102.61
12.04.2013,84581.07
15.04.2013,85107.29
16.04.2013,84705.64
17.04.2013,84397.87
18.04.2013,83038.3
19.04.2013,83285.45
22.04.2013,84023.36
23.04.2013,0
24.04.2013,84780.38
25.04.2013,84943.49
26.04.2013,85112.29
29.04.2013,85154.15
30.04.2013,86046.04
01.05.2013,0
02.05.2013,88669.73
03.05.2013,89093.7
06.05.2013,89768.71
07.05.2013,89459.45
08.05.2013,90852.21
09.05.2013,89931.15
10.05.2013,89568.89
13.05.2013,89765.18
14.05.2013,91287.14
15.05.2013,92112.07
16.05.2013,91946.74
17.05.2013,91924.84
20.05.2013,90165.14
21.05.2013,91190.82
22.05.2013,93178.87
23.05.2013,91351.4
24.05.2013,91016.31
27.05.2013,90546.75
28.05.2013,89916.41
29.05.2013,87174.54
30.05.2013,87170.23
31.05.2013,85990.01
03.06.2013,76983.66
04.06.2013,80733.25
05.06.2013,79636.79
06.06.2013,75895.26
07.06.2013,78332.59
10.06.2013,76386.19
11.06.2013,75041.03
12.06.2013,76880.65
13.06.2013,76488.6
14.06.2013,80011.09
17.06.2013,78946.45
18.06.2013,77739.61
19.06.2013,78834.61
20.06.2013,73461.89
21.06.2013,73101.76
24.06.2013,70640.5
25.06.2013,71214.61
26.06.2013,73851.53
27.06.2013,75761.53
28.06.2013,76294.51
01.07.2013,76736.59
02.07.2013,76438.81
03.07.2013,73718.71
04.07.2013,75409.63
05.07.2013,73111.83
08.07.2013,71682.3
09.07.2013,71981.59
10.07.2013,71074.11
11.07.2013,71789.85
12.07.2013,73921.95
15.07.2013,76227.95
16.07.2013,75678.08
17.07.2013,77072.09
18.07.2013,77022.76
19.07.2013,75873.99
22.07.2013,75816.02
23.07.2013,75368.07
24.07.2013,74015.22
25.07.2013,73849.74
26.07.2013,72555
29.07.2013,72938.89
30.07.2013,74420.79
31.07.2013,73377.45
01.08.2013,73401.77
02.08.2013,74032.75
05.08.2013,74290.06
06.08.2013,74031.56
07.08.2013,73544.83
08.08.2013,0
09.08.2013,0
12.08.2013,75374.51
13.08.2013,75514.24
14.08.2013,75585.89
15.08.2013,73978.17
16.08.2013,74275.43
19.08.2013,72382.71
20.08.2013,72204.25
21.08.2013,69709.46
22.08.2013,68300.05
23.08.2013,67932.32
26.08.2013,68775.02
27.08.2013,65519.87
28.08.2013,65452.4
29.08.2013,66394.41
30.08.2013,0
02.09.2013,68545.38
03.09.2013,66973.08
04.09.2013,66965.84
05.09.2013,66715.06
06.09.2013,67232.42
09.09.2013,69689.21
10.09.2013,71787.99
11.09.2013,71771.6
12.09.2013,72722.34
13.09.2013,71635.02
16.09.2013,74258.55
17.09.2013,74783.39
18.09.2013,74660.5
19.09.2013,79466.04
20.09.2013,77862.93
23.09.2013,76807.89
24.09.2013,76529.68
25.09.2013,76234.32
26.09.2013,75618.2
27.09.2013,74772.34
30.09.2013,74486.56
01.10.2013,76469.99
02.10.2013,75162.81
03.10.2013,76269.85
04.10.2013,76206.97
07.10.2013,75901.17
08.10.2013,75063.87
09.10.2013,74483.85
10.10.2013,75639.77
11.10.2013,76176.36
14.10.2013,76234.96
15.10.2013,0
16.10.2013,0
17.10.2013,0
18.10.2013,0
21.10.2013,78877.02
22.10.2013,79272.42
23.10.2013,78515.59
24.10.2013,78845.79
25.10.2013,79271.5
28.10.2013,79565.18
29.10.2013,0
30.10.2013,78919.41
31.10.2013,77620.37
01.11.2013,76501.23
04.11.2013,76234.16
05.11.2013,74744.25
06.11.2013,75768.59
07.11.2013,75811.5
08.11.2013,73918.3
11.11.2013,72139.95
12.11.2013,71904.6
13.11.2013,72326.95
14.11.2013,73974.77
15.11.2013,74273.24
18.11.2013,75597.68
19.11.2013,74617.72
20.11.2013,75381.71
21.11.2013,74679.25
22.11.2013,75638.05
25.11.2013,76531.43
26.11.2013,75563.19
27.11.2013,74896.01
28.11.2013,74580.37
29.11.2013,75748.27
02.12.2013,74951.23
03.12.2013,73087.49
04.12.2013,73088.65
05.12.2013,71991.94
06.12.2013,73378.44
09.12.2013,74232.88
10.12.2013,74118.02
11.12.2013,73965.8
12.12.2013,73071.78
13.12.2013,74064.98
16.12.2013,74843.38
17.12.2013,70946.06
18.12.2013,71417.26
19.12.2013,69100.02
20.12.2013,69572.83
23.12.2013,68086.14
24.12.2013,68997.82
25.12.2013,66096.57
26.12.2013,64555.2
27.12.2013,63885.22
30.12.2013,67985.7
31.12.2013,67801.73
01.01.2014,0
02.01.2014,66985.82
03.01.2014,65967.14
06.01.2014,68021.99
07.01.2014,68598.61
08.01.2014,67331.7
09.01.2014,66413.59
10.01.2014,67912.11
13.01.2014,68062.29
14.01.2014,68072.51
15.01.2014,68134.63
16.01.2014,66843.58
17.01.2014,65635.03
20.01.2014,65763.63
21.01.2014,66318.69
22.01.2014,67367.27
23.01.2014,65429.29
24.01.2014,64427.52
27.01.2014,64568.74
28.01.2014,63543.7
29.01.2014,62088.7
30.01.2014,62701.39
31.01.2014,61858.21
03.02.2014,61675.17
04.02.2014,62732.73
05.02.2014,62442.45
06.02.2014,64549.87
07.02.2014,64614.34
10.02.2014,64050.16
11.02.2014,64280.69
12.02.2014,64513.72
13.02.2014,63764.95
14.02.2014,64882.91
17.02.2014,65599.17
18.02.2014,64125.72
19.02.2014,63382.13
20.02.2014,63681.01
21.02.2014,63885.62
24.02.2014,64185.96
25.02.2014,62123.84
26.02.2014,61503.04
27.02.2014,61779.24
28.02.2014,62553.32
03.03.2014,61189.15
04.03.2014,63030.66
05.03.2014,63444.72
06.03.2014,64004.2
07.03.2014,63095.99
10.03.2014,62731.5
11.03.2014,63065.64
12.03.2014,63258.61
13.03.2014,63345.36
14.03.2014,63278.93
17.03.2014,64197.78
18.03.2014,65573.5
19.03.2014,65487.07
20.03.2014,65261.35
21.03.2014,64579.37
24.03.2014,63710.45
25.03.2014,64696.47
26.03.2014,67730.78
27.03.2014,67048.36
28.03.2014,69117.32
31.03.2014,69736.34
01.04.2014,70857.41
02.04.2014,70648.03
03.04.2014,71544.81
04.04.2014,72582.86
07.04.2014,72489.07
08.04.2014,73946.51
09.04.2014,72428.55
10.04.2014,73150.23
11.04.2014,72736.33
14.04.2014,73774.9
15.04.2014,72438.04
16.04.2014,72399.37
17.04.2014,73561.79
18.04.2014,73476.01
21.04.2014,73446.69
22.04.2014,73170.03
23.04.2014,0
24.04.2014,72391.27
25.04.2014,71388.74
28.04.2014,72398.54
29.04.2014,72314.97
30.04.2014,73871.54
01.05.2014,0
02.05.2014,75159.06
05.05.2014,74760.79
06.05.2014,75190.31
07.05.2014,74967.2
08.05.2014,75781.68
09.05.2014,75562.95
12.05.2014,75935.59
13.05.2014,75776.49
14.05.2014,76047.8
15.05.2014,75228.44
16.05.2014,75009.31
19.05.2014,0
20.05.2014,75255.28
21.05.2014,76454.56
22.05.2014,78043.18
23.05.2014,78060.64
26.05.2014,78603.16
27.05.2014,77533.21
28.05.2014,77995.44
29.05.2014,79299.97
30.05.2014,79289.8
02.06.2014,78648.83
03.06.2014,78818.28
04.06.2014,78384.74
05.06.2014,79802.96
06.06.2014,80397.55
09.06.2014,80753.75
10.06.2014,81672.04
11.06.2014,79020.57
12.06.2014,79834.33
13.06.2014,79011.62
16.06.2014,77645.72
17.06.2014,78015.74
18.06.2014,78092.89
19.06.2014,79057.25
20.06.2014,78400.69
23.06.2014,79326.52
24.06.2014,78986.12
25.06.2014,78997.88
26.06.2014,78104.14
27.06.2014,78472.38
30.06.2014,78489.01
01.07.2014,77107.01
02.07.2014,76831.82
03.07.2014,77528.54
04.07.2014,77534.77
07.07.2014,78951.06
08.07.2014,79290.79
09.07.2014,79458.79
10.07.2014,78551.58
11.07.2014,79364.43
14.07.2014,80621.55
15.07.2014,81245.09
16.07.2014,82270.52
17.07.2014,81783.21
18.07.2014,82314.53
21.07.2014,82270.34
22.07.2014,82530.53
23.07.2014,82854.62
24.07.2014,83824.65
25.07.2014,84218.02
28.07.2014,0
29.07.2014,0
30.07.2014,0
31.07.2014,82156.87
01.08.2014,82093.94
04.08.2014,81893.27
05.08.2014,80641.86
06.08.2014,79432.33
07.08.2014,78843.31
08.08.2014,79199.41
11.08.2014,0
12.08.2014,0
13.08.2014,0
14.08.2014,0
15.08.2014,76692.07
18.08.2014,77342.09
19.08.2014,79275.88
20.08.2014,78866.91
21.08.2014,78957.53
22.08.2014,78929.59
25.08.2014,79262.41
26.08.2014,80754.28
27.08.2014,80467.4
28.08.2014,80837.71
29.08.2014,80312.94
01.09.2014,80824.72
02.09.2014,80710.01
03.09.2014,81292.35
04.09.2014,82226.04
05.09.2014,82193.1
08.09.2014,82199.53
09.09.2014,80080.22
10.09.2014,79550.55
11.09.2014,78966.38
12.09.2014,77820.83
15.09.2014,77918.1
16.09.2014,78634.55
17.09.2014,78968.11
18.09.2014,77496.43
19.09.2014,76921.94
22.09.2014,76869.89
23.09.2014,76668.91
24.09.2014,75193.02
25.09.2014,74590.7
26.09.2014,74632.42
29.09.2014,74645.73
30.09.2014,74937.81
01.10.2014,74154.51
02.10.2014,73857.96
03.10.2014,74384.37
06.10.2014,0
07.10.2014,0
08.10.2014,72943.5
09.10.2014,75208.03
10.10.2014,73494.06
13.10.2014,75115.72
14.10.2014,74686.61
15.10.2014,74856.02
16.10.2014,74575.85
17.10.2014,75533.29
20.10.2014,76331.44
21.10.2014,77645.59
22.10.2014,78080.78
23.10.2014,79494.74
24.10.2014,79417.13
27.10.2014,79235.43
28.10.2014,79589.07
29.10.2014,0
30.10.2014,79898.62
31.10.2014,80579.66
03.11.2014,80027.88
04.11.2014,80268.2
05.11.2014,78956.09
06.11.2014,77510.28
07.11.2014,77957.75
10.11.2014,77743.39
11.11.2014,78403.38
12.11.2014,80394.94
13.11.2014,80876.1
14.11.2014,81211.55
17.11.2014,80499.83
18.11.2014,81329.86
19.11.2014,81461.62
20.11.2014,82511.89
21.11.2014,83281.8
24.11.2014,83251.96
25.11.2014,83530.54
26.11.2014,84243.31
27.11.2014,84688.52
28.11.2014,86168.66
01.12.2014,86147.32
02.12.2014,84915.15
03.12.2014,84915.14
04.12.2014,86234.1
05.12.2014,85239.92
08.12.2014,84818.68
09.12.2014,83527.29
10.12.2014,84126.33
11.12.2014,84718.23
12.12.2014,83226.38
15.12.2014,82804.43
16.12.2014,79191.19
17.12.2014,80820.72
18.12.2014,83226.2
19.12.2014,83573.55
22.12.2014,85143.76
23.12.2014,84487.99
24.12.2014,84821.7
25.12.2014,84824.51
26.12.2014,84947.31
29.12.2014,84101.75
30.12.2014,84537.1
31.12.2014,85721.13
01.01.2015,0
02.01.2015,85458.92
05.01.2015,86462.57
06.01.2015,86909.58
07.01.2015,86776.58
08.01.2015,87689.64
09.01.2015,87648.35
12.01.2015,87864.74
13.01.2015,88313.5
14.01.2015,87563.47
15.01.2015,87742.82
16.01.2015,87416.4
19.01.2015,88006.48
20.01.2015,89200.45
21.01.2015,90312.8
22.01.2015,90902.78
23.01.2015,90736.05
26.01.2015,91412.94
27.01.2015,91150.05
28.01.2015,90341.63
29.01.2015,88557.78
30.01.2015,88945.82
02.02.2015,89712.79
03.02.2015,87508.52
04.02.2015,85910.14
05.02.2015,85789.31
06.02.2015,84987.42
09.02.2015,84574.27
10.02.2015,83116.43
11.02.2015,83429.49
12.02.2015,86082.55
13.02.2015,85809.25
16.02.2015,86040.54
17.02.2015,84424.89
18.02.2015,85441.66
19.02.2015,86414.28
20.02.2015,85488.89
23.02.2015,86288.25
24.02.2015,86691.24
25.02.2015,86733.45
26.02.2015,85915.36
27.02.2015,84147.51
02.03.2015,83946.92
03.03.2015,84303.92
04.03.2015,82067.23
05.03.2015,80779.58
06.03.2015,80310.16
09.03.2015,80645.43
10.03.2015,77977.48
11.03.2015,78276.98
12.03.2015,78293.17
13.03.2015,76642.13
16.03.2015,78195.71
17.03.2015,80030.65
18.03.2015,79942.27
19.03.2015,81922.02
20.03.2015,82506.35
23.03.2015,83741.99
24.03.2015,82032.59
25.03.2015,82649.2
26.03.2015,81482.4
27.03.2015,80894.15
30.03.2015,82184.02
31.03.2015,80846.03
01.04.2015,81208.54
02.04.2015,81676.43
03.04.2015,82994.31
06.04.2015,83130.16
07.04.2015,82465.89
08.04.2015,82799.38
09.04.2015,83513.62
10.04.2015,82645.75
13.04.2015,81937.59
14.04.2015,82319.71
15.04.2015,81357.53
16.04.2015,82436.68
17.04.2015,82417.73
20.04.2015,82302.56
21.04.2015,84277.65
22.04.2015,83780.35
23.04.2015,0
24.04.2015,85551.31
27.04.2015,86401.85
28.04.2015,86209.46
29.04.2015,85978.44
30.04.2015,83947.04
01.05.2015,0
04.05.2015,84018.92
05.05.2015,83380.67
06.05.2015,82441.37
07.05.2015,82570.23
08.05.2015,84059.89
11.05.2015,84752.83
12.05.2015,85363.47
13.05.2015,86417.48
14.05.2015,87243.66
15.05.2015,87604.89
18.05.2015,88651.88
19.05.2015,0
20.05.2015,87791.06
21.05.2015,86565.03
22.05.2015,85803.92
25.05.2015,84567.03
26.05.2015,83649.42
27.05.2015,84292.05
28.05.2015,83569.62
29.05.2015,82981.15
01.06.2015,80429.08
02.06.2015,81420.24
03.06.2015,83393.57
04.06.2015,82499.02
05.06.2015,81943.42
08.06.2015,77805.41
09.06.2015,78146.25
10.06.2015,79747.89
11.06.2015,80845.24
12.06.2015,80532.51
15.06.2015,78951.38
16.06.2015,80183.75
17.06.2015,80713.26
18.06.2015,81932.45
19.06.2015,82454.38
22.06.2015,83426.18
23.06.2015,83068.46
24.06.2015,84140.65
25.06.2015,83277.09
26.06.2015,83546.06
29.06.2015,81756.19
30.06.2015,82249.53
01.07.2015,81681.71
02.07.2015,81879.96
03.07.2015,81216.98
06.07.2015,82365.85
07.07.2015,81572.27
08.07.2015,80386.59
09.07.2015,82286.34
10.07.2015,82791.85
13.07.2015,83388.32
14.07.2015,83041.13
15.07.2015,82727.86
16.07.2015,82789.78
17.07.2015,0
20.07.2015,81319.97
21.07.2015,81583.62
22.07.2015,81222.38
23.07.2015,78336.57
24.07.2015,78712.07
27.07.2015,77351.98
28.07.2015,78024.02
29.07.2015,78079.76
30.07.2015,78271.49
31.07.2015,79909.68
03.08.2015,78164.09
04.08.2015,78234.86
05.08.2015,78134.32
06.08.2015,78803.08
07.08.2015,78427.06
10.08.2015,77495.29
11.08.2015,79719.99
12.08.2015,78174.81
13.08.2015,77085.5
14.08.2015,77308.95
17.08.2015,76922.44
18.08.2015,75960.11
19.08.2015,75299.59
20.08.2015,74681.84
21.08.2015,73797.77
24.08.2015,71341.95
25.08.2015,73509.71
26.08.2015,73615.91
27.08.2015,74813.48
28.08.2015,74641.6
31.08.2015,75210.37
01.09.2015,73569.66
02.09.2015,73656.12
03.09.2015,74004.13
04.09.2015,72950.11
07.09.2015,71865.82
08.09.2015,72051.79
09.09.2015,72003.34
10.09.2015,71846.52
11.09.2015,71350.87
14.09.2015,71299.43
15.09.2015,73173.35
16.09.2015,74149.46
17.09.2015,74980.56
18.09.2015,75099.03
21.09.2015,75860.7
22.09.2015,74993.71
23.09.2015,74610.2
24.09.2015,0
25.09.2015,0
28.09.2015,73314.99
29.09.2015,74257.65
30.09.2015,74205.47
01.10.2015,74530.96
02.10.2015,74396.65
05.10.2015,76902.54
06.10.2015,77258.59
07.10.2015,78698.17
08.10.2015,78661.03
09.10.2015,79214.93
12.10.2015,79300.09
13.10.2015,78358.61
14.10.2015,79380.24
15.10.2015,79263.26
16.10.2015,78483.55
19.10.2015,79734.54
20.10.2015,80496.48
21.10.2015,79765.28
22.10.2015,80255.91
23.10.2015,80124.84
26.10.2015,79262.26
27.10.2015,78662.51
28.10.2015,78536.29
29.10.2015,0
30.10.2015,79409
02.11.2015,83693.61
03.11.2015,82913.85
04.11.2015,83684.07
05.11.2015,82955.67
06.11.2015,81930.21
09.11.2015,82050.14
10.11.2015,81174.1
11.11.2015,81717.99
12.11.2015,82143.43
13.11.2015,81878.75
16.11.2015,81046.42
17.11.2015,81152.85
18.11.2015,80514.17
19.11.2015,80441.2
20.11.2015,80681.67
23.11.2015,79744.79
24.11.2015,76242.98
25.11.2015,76836.52
26.11.2015,74997.64
27.11.2015,75638.43
30.11.2015,75232.79
01.12.2015,76785.45
02.12.2015,76394.96
03.12.2015,75452.84
04.12.2015,74265.3
07.12.2015,73908.89
08.12.2015,73100.86
09.12.2015,74583.74
10.12.2015,72354.16
11.12.2015,70280.34
14.12.2015,69308.74
15.12.2015,72156.79
16.12.2015,72831.78
17.12.2015,73711.88
18.12.2015,72460.35
21.12.2015,73328.16
22.12.2015,73102.1
23.12.2015,74044.89
24.12.2015,74050.35
25.12.2015,74189.53
28.12.2015,74243.17
29.12.2015,73912.61
30.12.2015,73200.69
31.12.2015,71726.99
01.01.2016,0
04.01.2016,70518.35
05.01.2016,70688.1
06.01.2016,71197.94
07.01.2016,71495.93
08.01.2016,70613.2
11.01.2016,71048.98
12.01.2016,71740.41
13.01.2016,72508.72
14.01.2016,71940.56
15.01.2016,71062
18.01.2016,71039.68
19.01.2016,71073.16
20.01.2016,69603.95
21.01.2016,68567.89
22.01.2016,70243.91
25.01.2016,70539.01
26.01.2016,71808.91
27.01.2016,72052.86
28.01.2016,72427.41
29.01.2016,73481.09
01.02.2016,73447.67
02.02.2016,72506.16
03.02.2016,73267.44
04.02.2016,74505.36
05.02.2016,74203.54
08.02.2016,72005.24
09.02.2016,71415.16
10.02.2016,71614.22
11.02.2016,70941.65
12.02.2016,70937.4
15.02.2016,71008.09
16.02.2016,70949.22
17.02.2016,72805.12
18.02.2016,73446.47
19.02.2016,73015.42
22.02.2016,74893.9
23.02.2016,75499.76
24.02.2016,74067.21
25.02.2016,75201.89
26.02.2016,74929.02
29.02.2016,75814.41
01.03.2016,75955.43
02.03.2016,76787.95
03.03.2016,76828.32
04.03.2016,77191.14
07.03.2016,77483.85
08.03.2016,77682.88
09.03.2016,78738.19
10.03.2016,79024.69
11.03.2016,79380.18
14.03.2016,80110.88
15.03.2016,79031.07
16.03.2016,79369.24
17.03.2016,81377.13
18.03.2016,82943.44
21.03.2016,83402.73
22.03.2016,0
23.03.2016,80383.69
24.03.2016,81358.38
25.03.2016,81356.45
28.03.2016,81344.55
29.03.2016,81733.62
30.03.2016,82917.75
31.03.2016,83268.04
01.04.2016,82359.44
04.04.2016,83872.91
05.04.2016,82964.08
06.04.2016,81511.27
07.04.2016,81164.66
08.04.2016,82502.11
11.04.2016,83987.53
12.04.2016,83719.8
13.04.2016,85696.67
14.04.2016,85784.95
15.04.2016,85573.25
